{
    "exp(-1/n)_-3.0_0.3333333333333333_[1/3,_1/12]": {
        "G_c": -2.46301869964355,
        "n_c": 1.0,
        "n_l": 2.2495719041373388,
        "n_g": 0.4558015024913614,
        "p_0": 0.13329317025560317,
        "sigma_f": 0.030529121845890315
    },
    "exp(-1/n)_-2.4654817183431934_0.3333333333333333_[1/3,_1/12]": {
        "G_c": -2.46301869964355,
        "n_c": 1.0,
        "n_l": 1.0564008185442155,
        "n_g": 0.9467993551057368,
        "p_0": 0.16650006664369724,
        "sigma_f": 9.935775431726497e-06
    },
    "exp(-1/n)_-2.46857424062622_0.3333333333333333_[1/3,_1/12]": {
        "G_c": -2.46301869964355,
        "n_c": 1.0,
        "n_l": 1.085966049344802,
        "n_g": 0.9212526965978839,
        "p_0": 0.16629107522383874,
        "sigma_f": 3.3648320210837514e-05
    },
    "exp(-1/n)_-2.471670641945948_0.3333333333333333_[1/3,_1/12]": {
        "G_c": -2.46301869964355,
        "n_c": 1.0,
        "n_l": 1.1084646582230224,
        "n_g": 0.9027782480801005,
        "p_0": 0.16608203176433228,
        "sigma_f": 6.537593187638989e-05
    },
    "exp(-1/n)_-2.47477092716796_0.3333333333333333_[1/3,_1/12]": {
        "G_c": -2.46301869964355,
        "n_c": 1.0,
        "n_l": 1.1275757895641112,
        "n_g": 0.8876968728233443,
        "p_0": 0.16587293645503157,
        "sigma_f": 0.00010346687624108603
    },
    "exp(-1/n)_-2.477875101163944_0.3333333333333333_[1/3,_1/12]": {
        "G_c": -2.46301869964355,
        "n_c": 1.0,
        "n_l": 1.1445944208676242,
        "n_g": 0.8747136010217987,
        "p_0": 0.1656637894866432,
        "sigma_f": 0.00014701614768643183
    },
    "exp(-1/n)_-2.4809831688116963_0.3333333333333333_[1/3,_1/12]": {
        "G_c": -2.46301869964355,
        "n_c": 1.0,
        "n_l": 1.1601571288542936,
        "n_g": 0.8631918636416882,
        "p_0": 0.1654545910507068,
        "sigma_f": 0.0001954293052356237
    },
    "exp(-1/n)_-2.484095134995133_0.3333333333333333_[1/3,_1/12]": {
        "G_c": -2.46301869964355,
        "n_c": 1.0,
        "n_l": 1.1746327261347205,
        "n_g": 0.8527628557665062,
        "p_0": 0.16524534133956287,
        "sigma_f": 0.0002482774747359747
    },
    "exp(-1/n)_-2.487211004604295_0.3333333333333333_[1/3,_1/12]": {
        "G_c": -2.46301869964355,
        "n_c": 1.0,
        "n_l": 1.1882575006200726,
        "n_g": 0.8431902971982427,
        "p_0": 0.16503604054641574,
        "sigma_f": 0.0003052325809544886
    },
    "exp(-1/n)_-2.490330782535359_0.3333333333333333_[1/3,_1/12]": {
        "G_c": -2.46301869964355,
        "n_c": 1.0,
        "n_l": 1.2011935755921583,
        "n_g": 0.8343120723822719,
        "p_0": 0.1648266888653213,
        "sigma_f": 0.00036603334553189887
    },
    "exp(-1/n)_-2.4934544736906408_0.3333333333333333_[1/3,_1/12]": {
        "G_c": -2.46301869964355,
        "n_c": 1.0,
        "n_l": 1.213557882156155,
        "n_g": 0.8260112579527937,
        "p_0": 0.16461728649119045,
        "sigma_f": 0.0004304654618650382
    },
    "exp(-1/n)_-2.496582082978607_0.3333333333333333_[1/3,_1/12]": {
        "G_c": -2.46301869964355,
        "n_c": 1.0,
        "n_l": 1.225438028817461,
        "n_g": 0.8182002531386598,
        "p_0": 0.16440783361969274,
        "sigma_f": 0.0004983491425852796
    },
    "exp(-1/n)_-2.4997136153138806_0.3333333333333333_[1/3,_1/12]": {
        "G_c": -2.46301869964355,
        "n_c": 1.0,
        "n_l": 1.2369016552520653,
        "n_g": 0.8108114260277578,
        "p_0": 0.16419833044745724,
        "sigma_f": 0.0005695308474479587
    },
    "exp(-1/n)_-2.5028490756172483_0.3333333333333333_[1/3,_1/12]": {
        "G_c": -2.46301869964355,
        "n_c": 1.0,
        "n_l": 1.248002268686487,
        "n_g": 0.8037912771572133,
        "p_0": 0.1639887771718958,
        "sigma_f": 0.0006438775443426824
    },
    "exp(-1/n)_-2.5059884688156697_0.3333333333333333_[1/3,_1/12]": {
        "G_c": -2.46301869964355,
        "n_c": 1.0,
        "n_l": 1.2587830556751054,
        "n_g": 0.7970966277625606,
        "p_0": 0.16377917399134972,
        "sigma_f": 0.0007212725842142276
    },
    "exp(-1/n)_-2.509131799842285_0.3333333333333333_[1/3,_1/12]": {
        "G_c": -2.46301869964355,
        "n_c": 1.0,
        "n_l": 1.2692794665129252,
        "n_g": 0.790692035338526,
        "p_0": 0.16356952110497724,
        "sigma_f": 0.0008016126516503537
    },
    "exp(-1/n)_-2.5122790736364213_0.3333333333333333_[1/3,_1/12]": {
        "G_c": -2.46301869964355,
        "n_c": 1.0,
        "n_l": 1.2795210232074776,
        "n_g": 0.7845479856648493,
        "p_0": 0.16335981871270355,
        "sigma_f": 0.0008848054537676582
    },
    "exp(-1/n)_-2.5471134862678895_0.3333333333333333_[1/3,_1/12]": {
        "G_c": -2.46301869964355,
        "n_c": 1.0,
        "n_l": 1.3804187097297227,
        "n_g": 0.7290389686937809,
        "p_0": 0.1610529939056266,
        "sigma_f": 0.001967247644533343
    },
    "exp(-1/n)_-2.5824309010929087_0.3333333333333333_[1/3,_1/12]": {
        "G_c": -2.46301869964355,
        "n_c": 1.0,
        "n_l": 1.4686713652515286,
        "n_g": 0.6868728621877547,
        "p_0": 0.15874049360184989,
        "sigma_f": 0.0033180149129292532
    },
    "exp(-1/n)_-2.618238015256668_0.3333333333333333_[1/3,_1/12]": {
        "G_c": -2.46301869964355,
        "n_c": 1.0,
        "n_l": 1.5500575538895198,
        "n_g": 0.6522817223587816,
        "p_0": 0.15642260427903792,
        "sigma_f": 0.00490139170023119
    },
    "exp(-1/n)_-2.65454161876471_0.3333333333333333_[1/3,_1/12]": {
        "G_c": -2.46301869964355,
        "n_c": 1.0,
        "n_l": 1.6271580828940293,
        "n_g": 0.622695535853323,
        "p_0": 0.1540996260965639,
        "sigma_f": 0.006696116348159517
    },
    "exp(-1/n)_-2.691348595770497_0.3333333333333333_[1/3,_1/12]": {
        "G_c": -2.46301869964355,
        "n_c": 1.0,
        "n_l": 1.7013896690135453,
        "n_g": 0.5967085571069243,
        "p_0": 0.1517718734397771,
        "sigma_f": 0.008688057904976199
    },
    "exp(-1/n)_-2.7286659258808377_0.3333333333333333_[1/3,_1/12]": {
        "G_c": -2.46301869964355,
        "n_c": 1.0,
        "n_l": 1.7736291011910446,
        "n_g": 0.5734551494795729,
        "p_0": 0.14943967548281,
        "sigma_f": 0.010867225656220086
    },
    "exp(-1/n)_-2.7665006854794107_0.3333333333333333_[1/3,_1/12]": {
        "G_c": -2.46301869964355,
        "n_c": 1.0,
        "n_l": 1.844464154700271,
        "n_g": 0.5523588752468613,
        "p_0": 0.14710337677533614,
        "sigma_f": 0.013226284323480301
    },
    "exp(-1/n)_-2.804860049068639_0.3333333333333333_[1/3,_1/12]": {
        "G_c": -2.46301869964355,
        "n_c": 1.0,
        "n_l": 1.9143122744579173,
        "n_g": 0.5330138164432692,
        "p_0": 0.14476333784520046,
        "sigma_f": 0.015759721927422605
    },
    "exp(-1/n)_-2.843751290630171_0.3333333333333333_[1/3,_1/12]": {
        "G_c": -2.46301869964355,
        "n_c": 1.0,
        "n_l": 1.983483294366559,
        "n_g": 0.5151218599785587,
        "p_0": 0.1424199358239313,
        "sigma_f": 0.01846334266080973
    },
    "exp(-1/n)_-2.883181785004228_0.3333333333333333_[1/3,_1/12]": {
        "G_c": -2.46301869964355,
        "n_c": 1.0,
        "n_l": 2.0522153822618363,
        "n_g": 0.49845675735668854,
        "p_0": 0.1400735650920487,
        "sigma_f": 0.02133393813435524
    },
    "exp(-1/n)_-2.9231590092880713_0.3333333333333333_[1/3,_1/12]": {
        "G_c": -2.46301869964355,
        "n_c": 1.0,
        "n_l": 2.120696962271014,
        "n_g": 0.4828422071795755,
        "p_0": 0.1377246379417496,
        "sigma_f": 0.02436906385853571
    },
    "exp(-1/n)_-2.963690544253868_0.3333333333333333_[1/3,_1/12]": {
        "G_c": -2.46301869964355,
        "n_c": 1.0,
        "n_l": 2.189080761429836,
        "n_g": 0.4681378137240839,
        "p_0": 0.13537358526196808,
        "sigma_f": 0.027566881355919736
    },